User_ID,Product_ID,Gender,Age,Occupation,City_Category,Stay_In_Current_City_Years,Marital_Status,Product_Category_1,Product_Category_2,Product_Category_3,Purchase
1002880,P00250642,M,18-25,12,A,3,0,11,,,3165
1001081,P00144642,M,18-25,4,C,1,1,1,15.0,16.0,15821
1003280,P00199442,M,26-35,7,B,1,0,5,9.0,,5408
1002793,P00100842,M,36-45,7,B,3,0,5,,,7048
1000659,P00194542,F,26-35,0,C,4+,0,8,14.0,,7948
1001712,P00313542,M,26-35,0,B,4+,0,5,8.0,,5252
1002136,P00033042,M,36-45,18,C,3,0,5,14.0,,8782
1001676,P00110942,M,18-25,4,B,4+,0,1,2.0,,19202
1001422,P00152442,M,36-45,17,B,3,0,8,,,6168
1005367,P00033642,M,18-25,4,A,1,0,5,8.0,,5326
1003400,P00273742,M,26-35,14,C,4+,1,1,17.0,,19703
1005895,P00334642,M,26-35,1,C,4+,0,1,8.0,14.0,15211
1003389,P00351342,M,18-25,0,A,0,0,1,2.0,16.0,7770
1005251,P00042742,F,26-35,17,A,1,1,5,14.0,,8784
1000329,P00234842,M,36-45,7,A,1,0,5,6.0,16.0,3749
1004464,P00101542,F,51-55,1,C,1,0,13,16.0,,768
1003503,P00003942,M,18-25,4,B,0,0,5,14.0,,8680
1001891,P00255742,M,46-50,1,C,3,1,3,4.0,,8024
1004021,P00119742,M,51-55,20,B,1,1,5,8.0,12.0,8907
1000253,P0097742,F,26-35,11,C,1,0,8,,,9911
1002332,P00111842,M,55+,14,B,2,0,8,,,10055
1001752,P00304242,M,26-35,3,B,1,0,1,6.0,,7751
1003266,P00255342,F,26-35,4,A,0,0,8,,,7913
1002334,P00177242,F,55+,7,B,1,1,12,,,1395
1002402,P00210642,M,46-50,17,B,4+,0,8,14.0,,5839
1001587,P00362842,F,26-35,3,B,3,0,5,18.0,,3588
1004215,P0097842,M,26-35,7,A,2,0,5,,,5348
1005880,P0095842,M,26-35,1,A,1,1,3,4.0,12.0,8166
1002502,P00307342,M,55+,13,B,4+,1,8,,,9975
1004663,P00057442,M,26-35,4,A,0,0,5,14.0,16.0,5385
1004489,P00151742,M,18-25,4,B,1,0,8,15.0,16.0,9784
1004856,P00310842,M,26-35,7,A,1,0,6,8.0,10.0,16481
1001889,P00303642,M,18-25,14,B,2,0,8,14.0,,9974
1000403,P00274142,M,18-25,4,A,2,0,1,,,19608
1003700,P00114342,M,26-35,14,B,2,0,1,8.0,17.0,7646
1003142,P00034742,M,26-35,20,B,0,0,5,14.0,17.0,5277
1000701,P00289942,F,18-25,4,B,0,0,3,4.0,5.0,7963
1001354,P00008842,F,26-35,2,B,3,0,1,16.0,,15362
1001974,P00313742,M,36-45,17,B,1,0,18,,,3127
1000342,P00005042,M,18-25,12,C,4+,0,6,16.0,,20354
1002263,P00010742,M,26-35,6,C,2,1,1,8.0,17.0,19093
1001842,P00265242,M,18-25,4,B,1,0,5,8.0,,8667
1000889,P00179742,M,46-50,20,A,1,0,11,,,3028
1001561,P00344442,F,18-25,4,C,2,0,5,8.0,14.0,6894
1001667,P00233542,M,51-55,16,B,4+,0,1,15.0,,15407
1002662,P00059442,M,26-35,17,C,4+,0,6,8.0,16.0,12190
1002882,P00240142,M,18-25,20,A,4+,0,5,,,5172
1004054,P00052542,M,36-45,3,B,1,0,8,,,5963
1004762,P00296042,F,26-35,14,A,0,1,8,13.0,16.0,5950
1004287,P00157642,M,26-35,7,C,2,1,1,14.0,16.0,15644
1005530,P00000842,F,18-25,4,B,0,0,2,4.0,,6746
1002446,P00192042,M,18-25,7,B,0,0,5,9.0,14.0,5426
1003641,P00345842,M,26-35,0,B,1,0,2,8.0,14.0,16417
1003158,P00115942,M,26-35,15,B,1,0,8,17.0,,8106
1004448,P00044142,M,26-35,14,A,0,0,8,16.0,,6146
1004768,P00004142,M,26-35,4,A,1,1,8,17.0,,9806
1005487,P00182642,M,26-35,17,B,0,0,2,4.0,9.0,16249
1004538,P00288642,M,26-35,12,C,1,1,16,,,8126
1004425,P00196742,M,36-45,7,B,1,0,8,,,4163
1005364,P00297642,F,26-35,3,A,3,0,8,,,5841
1001068,P00053042,F,18-25,4,B,2,0,5,14.0,16.0,8783
1005776,P00151742,M,18-25,12,B,3,1,8,15.0,16.0,7881
1004802,P00273442,M,55+,1,B,3,1,12,14.0,17.0,1764
1001317,P00210242,M,46-50,7,B,3,1,8,,,6194
1000022,P00015842,M,18-25,15,A,4+,0,1,14.0,16.0,11424
1004579,P00201342,F,18-25,4,B,1,1,1,2.0,9.0,11501
1001182,P00297742,M,0-17,10,B,3,0,8,17.0,,9998
1004386,P00070342,M,26-35,5,B,1,0,1,2.0,14.0,19322
1002024,P00298942,M,0-17,19,C,2,0,1,5.0,,8017
1001839,P00006942,M,18-25,4,C,1,0,1,5.0,6.0,15441
1000576,P00289942,F,46-50,15,C,1,1,3,4.0,5.0,11001
1004344,P00114142,M,26-35,1,A,4+,0,8,,,7846
1002783,P00086442,M,46-50,17,C,0,1,8,13.0,15.0,10081
1002009,P00237542,F,36-45,7,C,3,0,1,15.0,16.0,15628
1003462,P00217742,F,26-35,4,B,3,0,5,14.0,,1762
1000136,P00237542,M,18-25,2,B,3,0,1,15.0,16.0,4086
1001293,P00119442,M,26-35,5,C,1,0,5,,,3601
1000335,P00116242,M,36-45,18,C,0,1,8,15.0,,5919
1003256,P00274942,M,26-35,15,C,1,1,8,,,9697
1000117,P00341842,M,26-35,17,A,2,1,15,16.0,,17047
1001675,P00269242,F,26-35,6,B,1,1,11,13.0,,6035
1004198,P00181542,M,18-25,4,C,0,0,11,16.0,,4705
1003829,P00045042,F,26-35,1,B,1,0,6,8.0,16.0,8427
1005059,P00153442,M,46-50,16,C,1,1,8,17.0,,7935
1004010,P00251942,M,26-35,14,C,0,0,1,2.0,5.0,11723
1003769,P00054942,M,26-35,15,B,0,0,5,8.0,,8865
1004689,P00278642,M,18-25,12,B,1,0,5,,,8643
1002854,P00118742,F,18-25,4,B,1,0,5,11.0,,7166
1000424,P00289842,M,26-35,17,A,3,0,1,16.0,,4075
1004418,P00089542,F,51-55,0,A,2,0,5,,,8807
1003378,P00113042,M,18-25,4,A,1,0,11,16.0,,7559
1002314,P00178042,F,26-35,1,A,4+,0,8,14.0,,6189
1003454,P00181242,M,18-25,0,A,1,1,11,,,3198
1005000,P00127642,M,26-35,4,B,4+,0,1,2.0,15.0,19433
1004215,P00108442,M,26-35,7,A,2,0,5,,,7116
1003216,P00321742,M,36-45,1,B,1,0,5,8.0,17.0,5401
1004022,P00318742,M,36-45,14,B,1,1,1,8.0,,11855
1002784,P00365242,M,51-55,20,C,2,1,5,8.0,,8629
1002047,P00216442,M,0-17,10,B,1,0,5,,,5163
1003829,P00053642,F,26-35,1,B,1,0,7,,,17009
1004765,P00092442,F,36-45,16,B,3,1,2,4.0,,15897
1004927,P00154042,M,46-50,0,B,4+,0,1,2.0,15.0,12019
1004800,P00070042,M,18-25,4,A,1,0,1,2.0,16.0,8065
1001817,P00295942,M,36-45,1,A,3,0,2,5.0,15.0,12779
1004352,P00259242,M,18-25,4,B,0,0,5,,,6970
1004250,P00034242,F,51-55,0,C,4+,1,5,8.0,14.0,6967
1006035,P00251642,F,26-35,1,C,3,0,1,2.0,4.0,3812
1001867,P00100842,M,51-55,7,A,2,0,5,,,3552
1001425,P00350942,M,0-17,10,B,1,0,3,4.0,5.0,10630
1003128,P00053042,M,18-25,2,B,3,0,5,14.0,16.0,7090
1003560,P00061142,F,26-35,6,B,4+,1,8,16.0,,9961
1003971,P00329442,F,18-25,4,B,0,0,5,8.0,,6906
1004326,P00242942,F,46-50,13,B,1,1,8,,,4170
1003650,P00138142,M,26-35,0,A,2,0,8,14.0,,5957
1001514,P00155442,M,18-25,4,B,4+,1,1,11.0,15.0,8305
1002878,P00115642,F,51-55,20,A,2,1,8,14.0,,9964
1002002,P00084542,F,55+,13,C,2,1,5,,,8642
1003367,P00211242,M,51-55,16,A,1,1,8,12.0,,8033
1002740,P00100642,M,46-50,17,B,1,1,5,15.0,,8595
1003834,P00044142,M,18-25,2,B,2,0,8,16.0,,10024
1003942,P00153742,M,18-25,4,B,4+,0,8,,,6174
1001920,P00270942,F,36-45,7,B,1,0,1,2.0,15.0,15600
1000302,P00138842,M,18-25,4,B,4+,0,5,,,1814
1004117,P00147942,M,18-25,4,B,4+,0,1,16.0,,15454
1000652,P0097342,M,18-25,20,C,3,0,1,15.0,16.0,11852
1003489,P00199442,M,18-25,4,A,1,0,5,9.0,,7056
1004948,P00119242,M,46-50,2,A,1,1,18,,,1526
1002041,P00224142,F,26-35,20,B,4+,0,8,,,6130
1005532,P0098742,M,26-35,17,C,2,0,8,,,4130
1000302,P00140042,M,18-25,4,B,4+,0,1,16.0,,8251
1000302,P00000142,M,18-25,4,B,4+,0,3,4.0,5.0,10949
1004117,P00070542,M,18-25,4,B,4+,0,3,15.0,,13564
1001926,P00183042,F,0-17,0,B,1,0,15,16.0,,16782
1005431,P00224142,M,55+,1,C,3,1,8,,,7956
1001381,P00278642,M,18-25,11,C,1,0,5,,,1967
1005954,P00154042,M,46-50,11,A,2,1,1,2.0,15.0,4069
1001362,P00073842,M,36-45,12,B,0,0,1,15.0,17.0,15383
1000876,P00215242,M,26-35,4,B,1,0,1,2.0,8.0,7935
1005663,P00265242,F,36-45,20,B,4+,0,5,8.0,,8582
1004303,P00177542,M,26-35,2,B,3,0,1,8.0,,19507
1000402,P00024142,M,26-35,11,B,1,1,8,9.0,14.0,5877
1001794,P00191442,M,26-35,11,B,1,0,1,2.0,15.0,3903
1004083,P00090742,M,55+,14,A,0,0,18,,,1568
1005156,P0099242,M,18-25,14,A,1,1,8,14.0,,9847
1004021,P00131342,M,51-55,20,B,1,1,5,,,7016
1004808,P0096142,M,36-45,0,A,1,1,3,4.0,,8439
1001794,P00125542,M,26-35,11,B,1,0,6,16.0,,8133
1001865,P00054942,F,18-25,1,B,2,0,5,8.0,,5210
1003562,P00141942,F,26-35,6,B,4+,0,5,8.0,14.0,3552
1001383,P00190342,F,26-35,7,A,1,0,4,12.0,,2167
1003007,P00035942,M,36-45,0,C,1,1,1,5.0,18.0,8071
1004463,P00033542,M,51-55,7,C,2,1,5,,,3633
1002774,P0096642,M,26-35,1,A,1,0,2,3.0,4.0,10064
1004666,P0094642,M,36-45,1,A,1,1,4,5.0,,2156
1005492,P00267442,M,18-25,4,A,4+,1,1,2.0,5.0,15328
1000518,P00240442,F,36-45,12,C,4+,0,6,16.0,,16091
1001954,P00255842,M,26-35,16,C,1,0,16,,,16607
1000601,P00285842,F,18-25,20,B,3,1,5,,,5235
1001087,P00140742,M,26-35,16,B,1,0,1,15.0,,7622
1004522,P00369742,M,46-50,1,C,0,1,5,,,3497
1005324,P00034942,M,26-35,7,C,0,1,8,,,7992
1001141,P00284742,F,26-35,3,B,1,1,5,12.0,,5386
1005657,P00250242,M,51-55,14,A,1,0,5,,,7026
1003572,P00100642,M,36-45,11,C,1,0,5,15.0,,8624
1003705,P00254842,M,46-50,7,B,1,1,5,13.0,,5360
1003617,P00106042,M,36-45,7,C,1,0,5,,,7044
1003603,P00058042,F,36-45,7,B,0,1,8,16.0,,5990
1002456,P00042142,M,26-35,5,A,1,0,1,2.0,6.0,8324
1001138,P00327842,M,18-25,12,C,4+,0,8,16.0,,4118
1001124,P00188542,M,26-35,2,B,4+,1,5,8.0,14.0,7033
1005493,P00011342,M,36-45,12,B,3,0,6,,,12299
1005534,P00078542,M,46-50,16,C,3,1,1,2.0,16.0,19055
1002279,P00117942,M,51-55,7,B,2,1,5,15.0,,8609
1005389,P00249542,M,46-50,7,C,4+,1,1,5.0,15.0,11992
1003491,P00145442,M,26-35,16,B,1,0,8,15.0,,8111
1000352,P00002042,M,18-25,4,A,0,0,1,,,12092
1002231,P00195042,M,51-55,11,B,1,1,6,8.0,14.0,12281
1005453,P00110842,M,18-25,4,C,1,0,1,2.0,5.0,19145
1000911,P00126142,M,51-55,0,B,3,1,8,16.0,,7780
1002342,P00110742,M,36-45,3,C,1,0,1,2.0,8.0,15495
1002847,P00146142,M,18-25,4,A,3,0,1,2.0,15.0,7639
1003469,P00046842,M,46-50,17,B,3,1,8,16.0,,6184
1000146,P00100842,F,36-45,20,B,3,1,5,,,7055
1001444,P00309242,F,26-35,4,B,1,0,5,8.0,,6954
1005795,P00270042,M,26-35,1,A,1,1,8,14.0,,3885
1000033,P00331342,M,46-50,3,A,1,1,8,16.0,,8083
1000802,P00022442,M,26-35,16,B,1,0,8,16.0,,7797
1005026,P00127542,M,26-35,17,B,1,1,1,2.0,15.0,7695
1005761,P00182142,M,26-35,20,B,1,1,1,5.0,6.0,15869
1005050,P00370242,F,18-25,4,C,1,0,5,,,7164
1004933,P00087042,M,26-35,15,B,3,0,10,14.0,16.0,23196
1002281,P00240142,M,46-50,11,A,4+,0,5,,,8660
1002909,P00083842,M,26-35,7,A,1,0,5,14.0,,7175
1005501,P00283242,M,26-35,2,A,3,0,5,8.0,,5175
1004918,P00087442,F,18-25,12,C,1,0,5,,,3760
1005801,P00149342,M,26-35,16,B,3,0,13,16.0,,741
1001667,P00233942,M,51-55,16,B,4+,0,1,15.0,,11698
1002085,P00105042,M,18-25,0,C,4+,0,5,9.0,,5367
1005005,P00054042,M,46-50,16,B,2,0,18,,,3072
1004215,P00120442,M,26-35,7,A,2,0,8,,,6170
1005908,P00111942,M,26-35,4,B,1,0,8,17.0,,9774
1002810,P00134342,F,0-17,10,B,2,0,5,,,7101
1002380,P00036742,M,26-35,4,A,0,1,1,16.0,,11914
1001490,P00034042,M,51-55,7,B,4+,1,1,2.0,16.0,15168
1001267,P00129842,M,26-35,15,C,1,0,6,8.0,15.0,12650
1000884,P00058242,M,0-17,10,C,3,0,3,4.0,12.0,13702
1004408,P00177242,F,46-50,2,B,1,1,12,,,1726
1004283,P00359142,F,26-35,9,C,1,0,16,,,12368
1001591,P00178142,M,51-55,7,C,1,1,8,17.0,,9858
1002724,P00155742,F,46-50,2,A,3,1,8,,,9765
1000076,P00322142,M,36-45,7,B,2,1,1,14.0,,15691
1004053,P00111042,M,26-35,18,B,1,0,15,,,21123
1002674,P00028542,M,26-35,4,A,1,0,6,8.0,14.0,20644
1001737,P00256642,M,36-45,20,B,3,0,5,,,5466
1004795,P00028242,M,46-50,16,C,1,0,6,8.0,,16304
1004978,P00086442,M,36-45,14,A,3,0,8,13.0,15.0,9994
1002143,P00338542,M,18-25,4,B,2,0,1,,,15416
1003778,P00027542,M,26-35,0,B,4+,1,8,,,6191
1002659,P00296042,M,36-45,14,B,4+,1,8,13.0,16.0,8045
1000156,P00258742,F,46-50,7,C,4+,1,5,,,5191
1002175,P00101842,M,26-35,4,C,2,0,6,16.0,,20630
1000921,P00251242,M,26-35,17,B,1,0,5,11.0,,6900
1005809,P00173842,M,26-35,7,C,4+,0,1,2.0,15.0,11417
1004144,P00030842,M,18-25,4,C,3,0,1,2.0,15.0,12006
1004083,P00193142,M,55+,14,A,0,0,5,,,3450
1005627,P00213242,M,26-35,0,A,4+,1,5,8.0,,7044
1000681,P00064042,M,36-45,7,C,3,1,3,4.0,12.0,10582
1005516,P00302942,F,51-55,16,C,3,1,8,,,9833
1002995,P00010742,M,26-35,15,A,4+,0,1,8.0,17.0,18969
1003056,P00028842,M,26-35,18,C,1,1,6,8.0,,16074
1004387,P00346142,F,18-25,4,B,0,0,1,15.0,,11373
1003654,P00346242,M,26-35,17,B,3,1,1,15.0,,11919
1003749,P00255842,F,26-35,0,C,4+,0,16,,,16586
1003819,P00182142,M,26-35,12,B,1,0,1,5.0,6.0,15404
1003295,P00250342,M,18-25,18,B,1,0,16,,,16360
1003768,P00159842,M,26-35,4,B,2,0,1,16.0,,7822
1005054,P00114542,M,36-45,2,B,0,0,5,,,5248
1002700,P00224942,M,26-35,7,C,2,1,8,18.0,,7929
1000408,P00150542,M,26-35,11,A,0,0,5,,,5478
1001851,P00246842,M,26-35,19,B,4+,1,17,,,5304
1004972,P00226242,M,36-45,0,C,2,0,11,15.0,,4482
1004673,P00120542,M,36-45,16,B,2,1,8,14.0,,7885
1003822,P00221742,M,46-50,20,C,1,0,1,8.0,,8113
1001306,P00213042,M,26-35,3,B,3,0,1,2.0,15.0,11407
1001695,P00031842,M,26-35,1,C,1,1,1,5.0,12.0,15161
1001162,P00115642,F,36-45,0,B,4+,0,8,14.0,,7785
1003513,P00058042,M,26-35,16,C,1,0,8,16.0,,9962
1005858,P00194542,M,26-35,4,B,1,0,8,14.0,,4146
1005312,P00110942,M,26-35,1,A,1,0,1,2.0,,19481
1005805,P00325742,F,26-35,0,B,1,1,2,9.0,,6703
1002304,P00226242,M,46-50,12,B,2,1,11,15.0,,5899
1002064,P00294542,M,36-45,1,C,1,0,8,,,5914
1001861,P00331942,M,51-55,16,A,1,1,5,,,3674
1002394,P00128942,M,36-45,6,B,2,1,1,11.0,,19164
1003208,P00170542,M,26-35,14,B,4+,0,5,8.0,,5166
1004227,P00042342,M,26-35,19,A,0,0,8,16.0,,2013
1000023,P00071442,M,36-45,0,B,3,1,15,17.0,,17050
1001709,P0094642,M,26-35,0,C,1,1,4,5.0,,3442
1002127,P00024642,M,18-25,4,C,0,1,5,14.0,,7076
1003085,P00090942,M,26-35,4,C,1,0,1,2.0,14.0,15166
1001097,P00028842,M,18-25,17,A,4+,0,6,8.0,,12624
1002222,P00033942,F,46-50,1,B,2,1,5,,,3559
1003108,P00016042,M,51-55,6,B,1,1,1,16.0,,15741
1002503,P00115142,M,36-45,17,C,3,1,1,8.0,17.0,7748
1003449,P00005042,M,26-35,14,B,3,0,6,16.0,,8015
1000148,P00254442,M,51-55,17,B,3,1,1,2.0,,11477
1003419,P00173042,M,46-50,1,B,1,1,13,15.0,16.0,952
1002188,P00201342,F,18-25,19,B,4+,0,1,2.0,9.0,11900
1000524,P00013642,M,18-25,0,A,0,0,8,14.0,,5829
1002888,P00159942,M,26-35,14,B,2,1,5,,,6937
1004951,P00131042,F,36-45,17,B,3,1,8,,,9847
1002174,P00075542,M,51-55,12,B,1,1,8,13.0,,5971
1003999,P00347442,M,36-45,17,B,4+,0,5,,,3501
1001130,P00182642,M,18-25,7,C,1,0,2,4.0,9.0,13173
1003155,P00057642,M,26-35,7,A,1,0,1,15.0,16.0,15465
1005139,P00170442,M,51-55,16,A,4+,1,5,,,5302
1003051,P00296042,M,18-25,17,B,0,0,8,13.0,16.0,6001
1005726,P00115942,M,26-35,1,C,0,0,8,17.0,,10075
1004856,P00249642,M,26-35,7,A,1,0,3,5.0,,7983
1004316,P00278642,M,26-35,6,C,1,1,5,,,5181
1001937,P00086442,M,26-35,11,C,4+,0,8,13.0,15.0,3965
1000062,P00108542,F,36-45,3,A,1,0,5,8.0,14.0,7159
1004596,P00222142,F,18-25,4,B,1,0,5,13.0,,5319
1003578,P00057942,M,51-55,3,C,0,1,1,2.0,6.0,11427
1005881,P00248542,M,36-45,17,B,1,0,8,16.0,,8061
1001298,P00228442,M,36-45,6,B,4+,0,1,17.0,,15907
1001451,P00120042,M,36-45,20,B,0,0,1,2.0,,19110
1003391,P00213542,M,18-25,4,A,0,0,11,,,4479
1003158,P00213242,M,26-35,15,B,1,0,5,8.0,,8671
1005880,P00315442,M,26-35,1,A,1,1,1,,,12074
1005747,P00333742,M,26-35,0,B,4+,1,11,15.0,,1552
1001981,P00226342,M,55+,1,C,2,1,11,15.0,,1580
1003462,P00344542,F,26-35,4,B,3,0,16,,,12413
1001317,P00074642,M,46-50,7,B,3,1,5,9.0,14.0,7028
1004508,P00259442,M,26-35,20,A,2,0,5,,,3691
1001434,P00130842,F,0-17,10,A,0,0,5,14.0,,1826
1004161,P00339442,M,46-50,0,B,3,1,16,,,20464
1003469,P00188742,M,46-50,17,B,3,1,8,14.0,17.0,5912
1003093,P00351842,F,46-50,20,C,2,1,5,,,6906
1004414,P00350342,M,26-35,4,C,2,0,1,6.0,,15880
1003294,P00064242,M,18-25,4,B,3,0,5,,,3609
1002215,P00028042,F,26-35,0,B,2,1,1,16.0,,19310
1003126,P00028042,M,26-35,2,B,0,1,1,16.0,,19319
1005511,P00153842,M,46-50,1,B,1,1,8,14.0,16.0,10045
1001170,P00283142,M,55+,3,A,2,1,13,14.0,16.0,570
1001354,P00013742,F,26-35,2,B,3,0,5,,,8633
1005367,P00182342,M,18-25,4,A,1,0,1,5.0,6.0,8004
1003280,P00210042,M,26-35,7,B,1,0,8,14.0,,7794
1003499,P00020342,M,26-35,3,A,2,0,1,2.0,,4263
1000604,P00348842,M,46-50,17,C,2,1,1,6.0,,11718
1002446,P00234842,M,18-25,7,B,0,0,5,6.0,16.0,8612
1000476,P00277442,M,36-45,0,B,0,0,1,6.0,15.0,11466
1005046,P00149342,M,26-35,16,A,0,0,13,16.0,,776
1003518,P00156442,F,18-25,7,A,2,0,8,,,9752
1000771,P00117842,F,51-55,1,C,0,0,5,13.0,16.0,7115
1000776,P00085042,F,26-35,3,B,1,0,5,6.0,,8882
1004591,P00191442,M,26-35,15,A,3,0,1,2.0,15.0,15900
1003618,P00232742,M,55+,17,A,4+,1,8,,,5958
1003958,P00000742,M,46-50,7,C,1,0,5,14.0,,3502
1003717,P00111142,M,36-45,17,C,4+,0,1,15.0,16.0,15750
1000338,P00111742,M,36-45,7,A,1,0,15,,,8750
1005555,P00196242,M,0-17,10,B,2,0,3,4.0,5.0,2884
1001984,P00015542,M,18-25,10,B,2,1,1,2.0,13.0,15722
1000754,P00025442,M,36-45,7,C,3,0,1,2.0,9.0,15822
1001613,P00145042,M,18-25,20,A,1,0,1,2.0,5.0,15530
1001600,P00248142,M,36-45,7,B,1,1,5,,,6984
1002141,P00210042,F,51-55,16,C,0,1,8,14.0,,7985
1003499,P00277642,M,26-35,3,A,2,0,2,3.0,10.0,6743
1003813,P00302342,M,36-45,7,C,2,0,8,,,9926
1005995,P00216342,F,36-45,1,C,2,1,3,4.0,5.0,7945
1000199,P00302742,M,18-25,4,B,1,0,8,,,8076
1000510,P00282142,M,18-25,12,C,3,0,3,4.0,,8101
1003261,P00291442,M,46-50,20,B,1,1,5,8.0,,5378
1005076,P00118842,M,26-35,3,B,4+,0,5,8.0,,3650
1004745,P00000142,F,18-25,4,C,4+,0,3,4.0,5.0,11059
1004277,P00046742,M,36-45,16,A,0,0,1,2.0,15.0,18975
1002015,P00002142,M,18-25,4,B,4+,0,1,5.0,8.0,19701
1000053,P00181242,M,26-35,0,B,1,0,11,,,6054
1002084,P00110042,M,18-25,4,C,2,0,5,14.0,,5342
1000753,P00198942,M,0-17,10,C,1,0,5,,,8582
1005668,P00158842,F,26-35,3,C,0,0,8,14.0,,2269
1003688,P00021742,M,18-25,6,B,1,0,5,,,7154
1002181,P00329242,M,26-35,0,B,4+,1,5,14.0,,5211
1001051,P00216342,F,26-35,0,A,0,1,3,4.0,5.0,13190
1001850,P00338542,M,18-25,5,C,0,1,1,,,15852
1003265,P00062842,M,26-35,15,A,1,0,1,2.0,13.0,8330
1003423,P00139942,M,26-35,7,C,2,0,5,,,7024
1002200,P00065042,M,36-45,1,C,3,0,5,15.0,,7137
1006024,P00146742,M,26-35,12,A,0,1,1,13.0,14.0,19610
1003216,P00289342,M,36-45,1,B,1,0,5,8.0,14.0,5341
1000333,P00014542,M,36-45,2,A,0,1,8,,,8079
1003884,P00024742,M,18-25,4,A,1,1,8,11.0,,6073
1001788,P00114342,M,46-50,2,A,3,1,1,8.0,17.0,15433
1001685,P00311642,M,36-45,12,B,1,0,8,17.0,,10017
1004846,P00222442,F,26-35,2,C,0,0,5,,,6932
1002165,P00162442,M,26-35,7,C,4+,1,1,16.0,,15190
1002996,P00128742,M,18-25,0,B,1,0,1,,,15265
1001298,P0099242,M,36-45,6,B,4+,0,8,14.0,,8108
1001701,P00123142,F,26-35,4,B,1,0,11,,,1715
1005944,P00003242,F,18-25,10,C,4+,0,8,15.0,,2131
1001676,P00318742,M,18-25,4,B,4+,0,1,8.0,,15523
1002243,P00086442,M,46-50,2,C,1,1,8,13.0,15.0,10029
1000175,P00139942,F,26-35,2,B,1,0,5,,,8849
1003422,P00120342,M,26-35,5,B,2,0,5,17.0,,6971
1004227,P00127442,M,26-35,19,A,0,0,1,2.0,15.0,12039
1001794,P00184042,M,26-35,11,B,1,0,1,8.0,,11592
1003539,P00346342,F,26-35,4,A,1,1,1,15.0,,15618
1003791,P00248542,M,51-55,18,C,2,0,8,16.0,,1976
1001279,P00169642,M,36-45,1,A,2,0,5,,,5308
1001897,P00252842,F,51-55,2,A,1,1,8,,,9859
1003902,P00128942,M,26-35,5,C,2,0,1,11.0,,19096
1003620,P00015642,M,26-35,7,A,1,0,8,16.0,17.0,8120
1001372,P0098342,M,0-17,10,B,1,0,1,2.0,,11370
1001920,P00156142,F,36-45,7,B,1,0,5,8.0,,5472
1003477,P00237442,F,51-55,1,A,1,1,8,14.0,,7882
1003209,P0098342,M,26-35,0,C,3,0,1,2.0,,8024
1003880,P00352142,M,26-35,7,C,2,0,1,6.0,16.0,11427
1003031,P00050142,M,18-25,4,A,3,0,5,,,7033
1003868,P00223042,M,18-25,12,C,0,0,1,2.0,8.0,11855
1002878,P00022942,F,51-55,20,A,2,1,5,8.0,,7154
1004939,P00346142,M,26-35,7,C,0,1,1,15.0,,8306
1004795,P00150542,M,46-50,16,C,1,0,5,,,8648
1003618,P00300042,M,55+,17,A,4+,1,16,,,16354
1001375,P00042742,F,46-50,5,B,2,1,5,14.0,,7139
1001183,P00083942,M,36-45,19,B,1,0,12,14.0,,1715
1000424,P00052842,M,26-35,17,A,3,0,10,15.0,,23701
1002090,P00303442,M,36-45,17,C,2,0,1,8.0,14.0,12015
1001680,P00342042,M,26-35,20,A,3,1,11,15.0,16.0,4423
1005182,P00127042,F,36-45,7,B,4+,1,4,5.0,,2087
1000245,P00182442,M,36-45,16,B,0,0,5,11.0,,5291
1001741,P00282042,M,36-45,7,A,4+,1,5,15.0,,5322
1000036,P00249542,M,26-35,3,B,0,0,1,5.0,15.0,19318
1005085,P00120342,M,55+,17,C,0,0,5,17.0,,8782
1001183,P00129642,M,36-45,19,B,1,0,5,,,3730
1005747,P00145042,M,26-35,0,B,4+,1,1,2.0,5.0,15884
1001325,P00112342,M,26-35,1,B,1,1,13,16.0,,745
1000265,P00284742,F,36-45,7,A,4+,1,5,12.0,,8739
1000509,P00323942,M,26-35,2,A,0,1,8,15.0,,7850
1000192,P00131042,M,18-25,1,B,2,0,8,,,7786
1005450,P00153742,M,18-25,12,A,1,0,8,,,7818
1004979,P00127342,M,36-45,2,B,1,1,1,2.0,15.0,11925
1003330,P00110842,F,36-45,1,C,2,1,1,2.0,5.0,15569
1005434,P00003242,F,26-35,7,A,1,1,8,15.0,,8063
1001776,P00006542,M,26-35,0,B,4+,1,15,16.0,,13160
1001628,P00139942,M,18-25,20,B,1,0,5,,,6944
1000424,P00292742,M,26-35,17,A,3,0,7,12.0,,16302
1003285,P00263542,M,26-35,4,B,3,0,16,,,8627
1000889,P00103442,M,46-50,20,A,1,0,11,,,3015
1003391,P00159442,M,18-25,4,A,0,0,5,8.0,,5444
1005481,P00222142,M,46-50,12,C,0,0,5,13.0,,3708
1005397,P00035842,M,18-25,0,B,2,1,5,6.0,9.0,5207
1005852,P00336142,F,26-35,1,A,0,1,5,12.0,,5324
1005423,P00044142,F,51-55,5,C,0,1,8,16.0,,10003
1001285,P00031042,M,36-45,4,A,0,1,8,,,9968
1003607,P00146142,M,36-45,17,C,0,0,1,2.0,15.0,11926
1002393,P00128242,M,55+,13,C,1,1,5,12.0,14.0,5450
1002648,P00216342,M,26-35,17,B,2,0,3,4.0,5.0,8164
1002178,P00032842,M,46-50,14,C,4+,0,8,,,9958
1002028,P00178642,M,46-50,6,C,3,1,5,15.0,,6881
1004051,P00022942,M,18-25,14,C,2,0,5,8.0,,7193
1005367,P00110742,M,18-25,4,A,1,0,1,2.0,8.0,19162
1004016,P00115942,M,51-55,0,B,1,0,8,17.0,,9817
1005596,P00285842,M,36-45,12,B,1,0,5,,,7027
1001577,P00028842,M,55+,0,C,1,1,6,8.0,,16005
1001058,P00147942,M,26-35,1,B,2,0,1,16.0,,15549
1000791,P00227842,M,36-45,7,B,1,0,2,5.0,,13013
1005269,P00340542,M,18-25,0,B,4+,0,8,,,9878
1000300,P00140742,M,26-35,7,B,4+,1,1,15.0,,4291
1002391,P00080342,M,51-55,18,C,4+,0,1,6.0,8.0,19480
1005967,P00242742,M,51-55,16,C,0,1,1,2.0,9.0,11675
1003658,P00145042,F,26-35,7,C,4+,0,1,2.0,5.0,15664
1002368,P00274342,F,55+,13,C,1,0,2,8.0,14.0,12848
1003516,P00221642,M,18-25,4,C,0,0,5,15.0,,5350
1005458,P00064042,F,18-25,2,A,1,0,3,4.0,12.0,10840
1003778,P00354942,M,26-35,0,B,4+,1,8,,,5915
1000515,P00108442,M,26-35,1,A,0,1,5,,,8633
1001930,P0094342,M,26-35,15,A,4+,0,4,5.0,18.0,1424
1004682,P00290242,M,26-35,7,B,3,1,8,14.0,17.0,7899
1003265,P00026042,M,26-35,15,A,1,0,8,14.0,17.0,2112
1003157,P00249642,M,26-35,12,C,2,0,3,5.0,,13657
1004531,P00084842,M,18-25,4,C,2,0,8,16.0,,9960
1003380,P00192942,M,51-55,0,B,2,1,5,,,3690
1005312,P00105342,M,26-35,1,A,1,0,1,2.0,15.0,19273
1005434,P00183142,F,26-35,7,A,1,1,15,,,21177
1002840,P00138442,M,26-35,0,A,1,1,1,2.0,16.0,7723
1002032,P00344742,M,51-55,14,C,4+,1,5,,,5346
1005131,P00191442,F,26-35,1,B,3,0,1,2.0,15.0,8007
1003620,P00333042,M,26-35,7,A,1,0,5,8.0,,3690
1005563,P00028842,F,26-35,7,C,3,0,6,8.0,,20470
1004186,P00281942,M,26-35,7,B,1,1,15,,,8597
1002157,P0096942,F,18-25,3,C,0,0,3,4.0,,10834
1000869,P00250542,M,18-25,20,A,4+,1,4,5.0,,2744
1003847,P00002142,M,26-35,7,B,1,0,1,5.0,8.0,11970
1001256,P00087342,M,26-35,20,B,4+,0,5,14.0,16.0,8704
1004345,P0095642,F,26-35,14,B,1,0,5,,,5343
1005015,P00101042,M,36-45,6,B,2,1,5,12.0,,7051
1004285,P00148542,M,36-45,0,B,3,0,1,16.0,17.0,15341
1005763,P00218642,F,26-35,1,A,1,1,5,,,8584
1005389,P00003242,M,46-50,7,C,4+,1,8,15.0,,6086
1001273,P00087342,M,36-45,2,C,3,1,5,14.0,16.0,6899
1000173,P00331442,M,26-35,0,B,1,1,8,,,7921
1003591,P00250842,M,36-45,6,C,1,0,8,,,5837
1000185,P00010742,M,46-50,0,C,0,0,1,8.0,17.0,19089
1000757,P00148542,M,26-35,12,A,1,0,1,16.0,17.0,11809
1003346,P00362742,M,36-45,7,B,3,1,8,,,9974
1002376,P00070342,M,26-35,1,A,3,0,1,2.0,14.0,7708
1004748,P00177342,M,46-50,16,B,3,0,8,,,9798
1005472,P00115642,M,36-45,1,C,0,1,8,14.0,,2001
1003643,P00081142,M,26-35,17,C,1,0,6,8.0,14.0,16126
1002777,P00075342,M,18-25,4,B,2,0,1,2.0,16.0,7732
1001405,P00118542,M,55+,13,C,1,1,5,8.0,,6977
1004085,P00113642,F,26-35,6,A,1,0,8,,,9825
1002841,P00086842,M,51-55,12,B,1,1,14,16.0,,18242
1001051,P00266942,F,26-35,0,A,0,1,8,13.0,14.0,7949
1004808,P00195842,M,36-45,0,A,1,1,3,4.0,8.0,10610
1005443,P00244142,M,26-35,12,B,2,0,1,2.0,15.0,11805
1005738,P00024742,M,26-35,12,A,1,1,8,11.0,,5823
1004793,P00182742,F,26-35,6,B,2,1,1,2.0,14.0,11887
1003475,P00084242,M,26-35,14,A,1,0,8,14.0,,9845
1005995,P00214442,F,36-45,1,C,2,1,8,,,10061
1005048,P00188742,F,36-45,7,C,1,1,8,14.0,17.0,10074
1000237,P00145442,M,26-35,6,C,1,1,8,15.0,,7799
1005039,P00174242,F,36-45,4,B,2,1,15,16.0,,13261
1000267,P00312942,M,46-50,12,C,1,1,8,14.0,,9758
1003074,P00115242,M,26-35,0,C,4+,1,5,8.0,,8821
1003087,P00325742,F,0-17,1,B,0,0,2,9.0,,3400
1000195,P00120942,M,26-35,12,B,4+,1,8,,,7853
1003011,P00119442,M,26-35,1,B,1,0,5,,,8705
1004375,P00125042,F,26-35,5,B,1,0,11,,,7624
1001733,P00327242,M,18-25,14,B,0,1,5,8.0,,8713
1002136,P00170942,M,36-45,18,C,3,0,5,8.0,14.0,8658
1005948,P00330042,M,55+,13,B,0,0,5,,,8809
1003308,P00190242,F,18-25,20,B,3,1,4,5.0,,2146
1001489,P00233042,F,36-45,2,A,2,1,1,8.0,,8185
1002882,P00109542,M,18-25,20,A,4+,0,8,14.0,17.0,2021
1004425,P00052642,M,36-45,7,B,1,0,5,14.0,,5185
1005230,P00343442,M,26-35,12,B,4+,0,12,,,1393
1001544,P00325242,M,26-35,12,B,2,0,16,,,8337
1003787,P00216342,F,26-35,0,B,0,1,3,4.0,5.0,8393
1005035,P00259342,F,26-35,17,B,1,1,5,9.0,,8747
1002271,P00107642,M,51-55,14,A,1,0,5,,,8607
1001645,P00237242,F,18-25,9,B,1,1,1,6.0,,15425
1000460,P00331942,M,46-50,18,C,2,0,5,,,6870
1000690,P00114942,M,26-35,12,C,3,0,1,15.0,16.0,19011
1001560,P00332842,F,26-35,3,B,2,0,4,5.0,,797
1004360,P00117942,F,26-35,9,B,1,0,5,15.0,,6939
1004510,P00155442,M,46-50,7,A,4+,1,1,11.0,15.0,7788
1002901,P00250242,M,26-35,17,B,2,0,5,,,6855
1005795,P00087042,M,26-35,1,A,1,1,10,14.0,16.0,23631
1001010,P00127742,M,26-35,0,A,1,0,1,2.0,15.0,11867
1000770,P00030842,M,18-25,4,B,2,1,1,2.0,15.0,12079
1000104,P00248542,M,26-35,12,C,3,1,8,16.0,,6167
1003029,P00209342,M,18-25,4,A,4+,0,8,,,8037
1002050,P00211942,F,36-45,3,C,2,0,8,,,5916
1002363,P00330342,M,51-55,14,C,3,0,5,11.0,16.0,8606
1000904,P00217742,M,36-45,20,B,4+,0,5,14.0,,3475
1004425,P00288942,M,36-45,7,B,1,0,1,2.0,5.0,11709
1001726,P00346242,M,26-35,2,B,1,1,1,15.0,,18965
1003377,P00010142,M,26-35,17,C,1,0,16,,,12600
1003878,P00327442,M,36-45,16,B,4+,0,5,8.0,,5446
1001172,P00338442,F,26-35,0,A,2,1,1,16.0,,15738
1001988,P00244042,F,26-35,1,B,2,0,1,2.0,15.0,15463
1005472,P0096442,M,36-45,1,C,0,1,4,5.0,12.0,2769
1004140,P00193242,M,26-35,0,B,4+,0,6,8.0,,20046
1004807,P00015742,M,0-17,2,A,1,0,7,,,8548
1001328,P00233542,M,36-45,14,A,1,0,1,15.0,,15638
1002840,P00227842,M,26-35,0,A,1,1,2,5.0,,9778
1002330,P00052842,M,46-50,7,A,1,1,10,15.0,,18769
1000780,P00368642,M,26-35,17,B,3,0,11,15.0,,4668
1006002,P00265742,M,51-55,0,C,1,1,5,12.0,,5377
1002168,P00190542,M,0-17,10,B,4+,0,3,4.0,,13190
1005812,P00042242,F,26-35,7,A,1,1,5,15.0,,3586
1001742,P00148642,M,26-35,15,C,4+,1,6,10.0,13.0,16231
1003172,P00226842,M,18-25,12,A,0,0,11,,,5893
1000173,P00102642,M,26-35,0,B,1,1,4,8.0,9.0,2833
1005848,P00126042,M,51-55,20,A,0,1,8,14.0,,8132
1003939,P00182142,M,46-50,7,C,1,1,1,5.0,6.0,15835
1000837,P00265242,M,55+,7,C,1,1,5,8.0,,5369
1001974,P00271542,M,36-45,17,B,1,0,18,,,2347
1002627,P00215742,M,26-35,1,B,2,1,5,16.0,,7043
1002546,P00277242,F,55+,13,C,4+,0,16,,,16836
1001425,P00183342,M,0-17,10,B,1,0,5,15.0,18.0,5349
1003539,P00173142,F,26-35,4,A,1,1,1,5.0,6.0,15648
1004979,P00034442,M,36-45,2,B,1,1,1,14.0,16.0,15170
1000481,P00282642,M,46-50,7,C,2,0,5,,,6923
1002624,P00073842,F,36-45,0,A,1,1,1,15.0,17.0,15513
1004840,P00265242,F,46-50,6,C,3,1,5,8.0,,1845
1005831,P00288042,M,26-35,1,A,2,1,8,,,8057
1004925,P00227142,F,36-45,6,C,2,0,5,,,8843
1005015,P00025642,M,36-45,6,B,2,1,4,8.0,,3507
1000245,P00170342,M,36-45,16,B,0,0,1,15.0,,7851
1001586,P00357642,M,46-50,7,B,2,1,5,,,6933
1003015,P00092542,M,55+,6,C,0,1,8,14.0,,6041
1000264,P00120742,M,36-45,0,B,1,1,8,12.0,17.0,2324
1001943,P00119442,M,18-25,4,B,0,0,5,,,5147
1002724,P00013942,F,46-50,2,A,3,1,5,,,5392
1001383,P00006142,F,26-35,7,A,1,0,8,,,5822
1003624,P00233442,M,26-35,12,B,0,1,1,2.0,15.0,15675
1004335,P00285442,M,36-45,0,B,3,0,8,,,7890
1005433,P00034242,F,36-45,17,B,3,1,5,8.0,14.0,5341
1002781,P00350042,M,36-45,4,C,2,1,6,8.0,,16254
1005256,P00334242,M,26-35,16,B,4+,1,1,8.0,,19021
1004322,P00145642,F,51-55,6,B,1,0,1,8.0,17.0,8118
1001124,P00181542,M,26-35,2,B,4+,1,11,16.0,,7528
1001221,P00237542,M,18-25,0,B,1,0,1,15.0,16.0,19387
1004682,P00173942,M,26-35,7,B,3,1,1,5.0,6.0,8043
1001943,P00178442,M,18-25,4,B,0,0,5,,,7146
1000701,P00036342,F,18-25,4,B,0,0,5,8.0,,8869
1004823,P00315642,M,18-25,4,B,0,1,8,13.0,,6101
1004489,P00174242,M,18-25,4,B,1,0,15,16.0,,17247
1000876,P00118442,M,26-35,4,B,1,0,1,2.0,,11946
1005691,P00288942,M,36-45,14,C,1,0,1,2.0,5.0,15693
1000735,P00116742,M,26-35,14,A,3,0,11,,,5920
1003562,P00221342,F,26-35,6,B,4+,0,1,2.0,5.0,8040
1001980,P00067942,M,36-45,7,A,1,0,5,14.0,,6858
1002734,P00199442,F,18-25,4,C,1,0,5,9.0,,6917
1004186,P00015542,M,26-35,7,B,1,1,1,2.0,13.0,7793
1005453,P00249542,M,18-25,4,C,1,0,1,5.0,15.0,15694
1002165,P00070342,M,26-35,7,C,4+,1,1,2.0,14.0,15419
1000151,P00109542,F,26-35,20,A,1,1,8,14.0,17.0,4078
1003715,P00293042,M,18-25,5,B,2,0,8,,,2257
1001212,P00198742,F,51-55,1,C,1,0,1,2.0,11.0,11965
1001010,P00136542,M,26-35,0,A,1,0,5,8.0,,7055
1004447,P00359642,M,46-50,5,B,0,1,11,,,3156
1004315,P00316242,M,18-25,4,C,2,0,5,,,6919
1004308,P00350342,M,26-35,0,C,4+,0,1,6.0,,15254
1004884,P00024342,M,36-45,14,B,1,0,8,14.0,,9793
1001268,P00285842,M,51-55,2,B,1,1,5,,,8757
1003389,P00303342,M,18-25,0,A,0,0,1,16.0,,8321
1000083,P00350342,F,26-35,2,C,1,0,1,6.0,,11842
1001181,P00265342,M,36-45,7,A,3,1,7,,,16585
1001224,P00165742,M,51-55,13,B,4+,0,8,16.0,,7932
1001502,P00249542,M,18-25,4,C,3,0,1,5.0,15.0,11675
1004828,P00103042,F,18-25,20,B,1,0,1,14.0,,15726
1000613,P00102442,M,36-45,20,C,1,1,8,,,7812
1001968,P00161942,M,26-35,11,B,2,0,5,8.0,,5141
1001778,P00145442,M,18-25,4,B,1,0,8,15.0,,7953
1001937,P00116842,M,26-35,11,C,4+,0,2,5.0,8.0,9703
1003754,P00302142,M,55+,7,C,1,1,5,14.0,,6868
1001185,P00127042,F,36-45,1,C,3,0,4,5.0,,1381
1001019,P0098442,M,36-45,1,A,4+,1,7,8.0,,16230
1002320,P00141542,F,51-55,1,C,1,1,5,,,7186
1000533,P00346242,M,26-35,12,A,1,0,1,15.0,,19519
1001666,P00334242,M,26-35,14,B,3,0,1,8.0,,15852
1001851,P00278642,M,26-35,19,B,4+,1,5,,,6962
1001010,P00135842,M,26-35,0,A,1,0,5,14.0,,1744
1003375,P00073842,M,26-35,4,C,4+,1,1,15.0,17.0,15835
1002106,P00268542,F,18-25,20,A,3,1,5,,,3603
1001748,P00101342,M,51-55,1,A,1,1,6,8.0,,12165
1005365,P00237142,M,18-25,12,C,0,0,5,,,7078
1001259,P00332242,M,36-45,7,C,2,1,1,16.0,,15230
1001383,P00279942,F,26-35,7,A,1,0,8,,,6186
1003596,P00118942,F,36-45,4,A,3,0,8,,,5988
1005911,P00129342,F,26-35,17,C,4+,1,1,5.0,15.0,19625
1001941,P00359442,M,36-45,17,A,1,0,11,,,1528
1000937,P00334242,M,26-35,15,A,2,1,1,8.0,,11796
1003569,P00034742,F,18-25,2,B,1,0,5,14.0,17.0,5430
1002303,P00059442,M,51-55,17,B,4+,1,6,8.0,16.0,19944
1001685,P00192042,M,36-45,12,B,1,0,5,9.0,14.0,5298
1003464,P00084442,F,26-35,14,B,4+,1,13,16.0,,927
1004796,P00002942,M,36-45,7,A,4+,1,2,15.0,,10041
1001127,P00363742,M,26-35,0,C,1,0,5,,,5441
1000846,P00138542,M,26-35,5,C,3,1,5,6.0,,6870
1005826,P00158242,M,18-25,4,A,2,1,6,8.0,,12727
1001128,P00182142,M,26-35,1,A,2,0,1,5.0,6.0,8237
1001501,P00102642,M,26-35,11,A,3,0,4,8.0,9.0,2770
1005283,P00346342,M,18-25,2,C,1,1,1,15.0,,7980
1005738,P00130642,M,26-35,12,A,1,1,11,16.0,,5901
1002684,P00309242,F,18-25,0,C,3,1,5,8.0,,6960
1005490,P00142142,M,46-50,17,C,3,0,1,2.0,15.0,15842
1004725,P00273542,M,36-45,5,A,2,0,8,14.0,,8014
1005655,P00002542,F,26-35,6,C,0,0,8,14.0,,5990
1001567,P00085342,M,26-35,12,B,1,0,10,13.0,,19331
1003796,P00060142,M,46-50,14,C,4+,1,8,,,7923
1004826,P00127742,M,46-50,12,C,1,1,1,2.0,15.0,11732
1000531,P00027642,F,18-25,14,B,0,0,8,,,3898
1003662,P00235942,M,36-45,16,C,1,0,11,15.0,16.0,4418
1005942,P00116142,M,46-50,1,C,4+,0,10,13.0,16.0,23257
1002414,P00000142,M,26-35,1,C,4+,1,3,4.0,5.0,13602
1001676,P00248742,M,18-25,4,B,4+,0,5,,,6933
1001377,P00182342,M,36-45,16,B,3,1,1,5.0,6.0,11655
1005092,P00014542,M,55+,14,C,1,1,8,,,8070
1003543,P00086342,M,26-35,17,C,2,1,8,,,10014
1000950,P00140742,M,36-45,7,C,4+,1,1,15.0,,15210
1001051,P00271942,F,26-35,0,A,0,1,5,8.0,,7052
1001628,P00270942,M,18-25,20,B,1,0,1,2.0,15.0,15201
1005111,P00028042,M,36-45,2,B,1,1,1,16.0,,3807
1002847,P00249542,M,18-25,4,A,3,0,1,5.0,15.0,4039
1000721,P00067942,F,36-45,9,B,1,0,5,14.0,,7010
1000126,P00210042,M,18-25,9,B,1,0,8,14.0,,9815
1001793,P00289042,M,26-35,4,B,1,0,8,,,7866
1001448,P00085942,F,26-35,3,A,1,0,2,4.0,8.0,13097
1001794,P00163242,M,26-35,11,B,1,0,1,8.0,14.0,15877
1000364,P00157342,F,36-45,1,C,3,0,8,,,7843
1000891,P00249142,M,26-35,1,C,4+,0,5,,,5274
1000608,P00017042,M,18-25,4,C,3,1,8,,,4247
1005064,P00101842,M,18-25,4,B,0,0,6,16.0,,20595
1002899,P00345742,M,36-45,14,A,3,1,1,2.0,15.0,15517
1004054,P00209942,M,36-45,3,B,1,0,5,8.0,,5279
1004510,P00227542,M,46-50,7,A,4+,1,13,,,382
1000752,P00222942,F,26-35,3,A,3,0,1,2.0,8.0,3976
1003557,P00129842,M,18-25,5,B,0,1,6,8.0,15.0,16688
1001647,P00228242,M,18-25,18,B,0,0,8,,,6044
1004796,P00296042,M,36-45,7,A,4+,1,8,13.0,16.0,7796
1000190,P00125342,M,26-35,17,A,1,0,11,,,4508
1001100,P00174142,M,26-35,0,B,0,1,3,4.0,9.0,3087
1000550,P00102642,M,46-50,8,B,1,1,4,8.0,9.0,3537
1004422,P00354242,M,26-35,5,A,1,1,5,,,5343
1000170,P00110742,M,26-35,11,C,1,1,1,2.0,8.0,19112
1001862,P00303242,M,51-55,14,C,1,1,5,8.0,,7117
1004608,P00199442,F,26-35,0,B,3,0,5,9.0,,6971
1000151,P00156442,F,26-35,20,A,1,1,8,,,10074
1003226,P00087342,M,36-45,4,A,1,1,5,14.0,16.0,8609
1002065,P00085242,M,26-35,6,C,2,0,8,14.0,17.0,7763
1004963,P00056142,M,46-50,17,B,1,1,5,8.0,,1837
1004726,P00206442,F,36-45,16,C,2,1,1,5.0,9.0,15561
1003299,P00073642,F,26-35,4,B,2,0,8,,,9708
1000171,P00015942,F,51-55,17,B,1,1,6,10.0,13.0,16338
1005327,P00156242,M,26-35,7,A,1,0,4,5.0,9.0,2097
1001501,P00354242,M,26-35,11,A,3,0,5,,,8668
1002073,P00006142,F,18-25,4,B,4+,0,8,,,9887
1000002,P00115542,M,55+,16,C,4+,0,8,,,10006
1003586,P00177842,M,36-45,20,A,2,1,8,,,7888
1005047,P00027442,M,46-50,6,C,1,0,8,16.0,,7924
1001780,P00111942,M,36-45,1,B,0,0,8,17.0,,7988
1002446,P00317842,M,18-25,7,B,0,0,8,,,6131
1001263,P00249042,M,0-17,10,B,4+,0,7,,,4179
1004233,P00350142,M,36-45,4,C,0,0,8,17.0,,7866
1005243,P00142142,M,0-17,10,C,4+,0,1,2.0,15.0,8152
1001810,P00147742,M,51-55,13,A,1,1,1,16.0,,7864
1000344,P00127542,M,36-45,14,C,1,1,1,2.0,15.0,3852
1000883,P00310042,F,36-45,14,C,0,0,5,8.0,,6928
1001835,P00051442,M,26-35,19,B,3,0,8,17.0,,9917
1002544,P00087342,M,46-50,1,B,1,0,5,14.0,16.0,6884
1000117,P00293842,M,26-35,17,A,2,1,1,2.0,9.0,11827
1003051,P00016542,M,18-25,17,B,0,0,1,6.0,16.0,8278
1003882,P00184642,M,55+,14,C,1,1,8,14.0,,6133
1003841,P00336542,M,46-50,18,A,4+,0,12,,,1093
1004637,P00014842,F,36-45,9,B,0,1,1,2.0,5.0,19464
1003669,P00035242,M,26-35,14,A,2,0,8,14.0,,3985
1001542,P00207942,M,18-25,17,C,4+,0,6,8.0,,20028
1004823,P00113242,M,18-25,4,B,0,1,1,6.0,8.0,15528
1005759,P00208042,F,26-35,1,A,2,0,8,,,4211
1001687,P00053942,M,26-35,3,A,1,0,1,2.0,5.0,19474
1003709,P00002142,M,26-35,12,C,3,0,1,5.0,8.0,15768
1003989,P00231342,M,51-55,12,A,0,1,5,8.0,14.0,6926
1005546,P00127942,M,18-25,14,C,1,0,1,2.0,5.0,15725
1001737,P00267642,M,36-45,20,B,3,0,8,,,4156
1005831,P00238742,M,26-35,1,A,2,1,13,,,765
1000780,P00034442,M,26-35,17,B,3,0,1,14.0,16.0,19606
1000216,P00178342,M,46-50,13,B,1,0,8,,,8038
1002344,P00325242,M,26-35,12,A,1,0,16,,,16568
1003963,P00313542,M,51-55,20,A,2,0,5,8.0,,7026
1003521,P00210342,M,26-35,0,B,3,0,3,4.0,,8186
1003363,P00002142,F,36-45,9,B,2,1,1,5.0,8.0,15883
1005000,P00034742,M,26-35,4,B,4+,0,5,14.0,17.0,8580
1002761,P00285642,M,36-45,6,B,0,0,2,5.0,15.0,16210
1003227,P00321742,F,26-35,14,A,2,0,5,8.0,17.0,5450
1003398,P00285842,M,18-25,20,C,4+,1,5,,,5139
1003618,P00118442,M,55+,17,A,4+,1,1,2.0,,8268
1002618,P00000342,F,18-25,4,C,0,1,5,14.0,,8823
1005536,P00052642,M,26-35,16,B,2,1,5,14.0,,3524
1002106,P00241542,F,18-25,20,A,3,1,1,6.0,,4301
1003371,P00253542,M,26-35,2,A,3,0,8,,,4243
1002592,P00135142,M,51-55,7,B,1,1,13,16.0,,949
1004480,P00074642,M,26-35,0,B,1,0,5,9.0,14.0,5313
1004898,P00237542,M,26-35,1,B,1,1,1,15.0,16.0,15826
1003230,P00034742,M,36-45,16,A,0,0,5,14.0,17.0,8692
1004785,P00169442,F,26-35,14,A,0,1,8,,,8093
1000387,P00182742,F,36-45,7,C,0,0,1,2.0,14.0,11834
1000806,P00084542,M,36-45,0,C,3,1,5,,,8599
1004388,P00177642,M,46-50,3,B,2,1,8,,,8022
1004893,P00102642,M,26-35,17,C,0,0,4,8.0,9.0,2783
1000851,P00191342,M,18-25,4,B,1,0,2,4.0,9.0,9654
1002979,P00001342,M,36-45,2,B,1,0,3,4.0,,8150
1003434,P00182642,M,18-25,4,B,1,0,2,4.0,9.0,12916
1002298,P00258742,M,36-45,17,C,4+,0,5,,,7048
1005195,P00148642,M,36-45,7,B,0,1,6,10.0,13.0,16533
1000391,P00145942,M,46-50,11,C,2,1,6,8.0,13.0,20525
1006025,P00209842,F,26-35,1,B,1,0,5,8.0,,6915
1005504,P00345842,M,46-50,7,B,1,1,2,8.0,14.0,16213
1001576,P00085142,F,46-50,9,B,3,1,5,13.0,14.0,6939
1005954,P00331242,M,46-50,11,A,2,1,12,17.0,,1768
1003691,P00304242,M,26-35,7,B,1,1,1,6.0,,19577
1003778,P00018842,M,26-35,0,B,4+,1,8,,,2130
1002652,P00119742,M,36-45,20,C,2,1,5,8.0,12.0,5218
1002036,P00006742,F,26-35,14,B,1,0,5,14.0,,5440
1003630,P00058042,M,18-25,4,B,2,0,8,16.0,,7775
1003994,P00212942,M,51-55,7,B,2,1,5,,,7025
1004521,P00084542,M,36-45,12,B,1,0,5,,,8753
1004433,P00128042,M,26-35,0,B,1,1,1,5.0,18.0,11684
1001466,P00057942,M,18-25,4,C,3,1,1,2.0,6.0,15417
1004625,P00111142,M,26-35,7,C,0,0,1,15.0,16.0,19432
1005574,P00110842,M,26-35,0,B,4+,0,1,2.0,5.0,19614
1003590,P00263542,F,18-25,15,A,1,0,16,,,16522
1005576,P00004442,M,26-35,4,C,3,0,1,2.0,,8246
1005838,P00209742,F,46-50,7,B,0,1,1,11.0,15.0,3823
1003709,P00269642,M,26-35,12,C,3,0,11,16.0,,4560
1005172,P00093242,F,36-45,11,B,1,0,8,,,7808
1002907,P0095742,F,36-45,5,A,4+,0,4,5.0,,1471
1004601,P00251842,M,36-45,14,C,0,0,1,15.0,16.0,11897
1004001,P00002142,F,26-35,1,B,1,1,1,5.0,8.0,11695
1004285,P00251942,M,36-45,0,B,3,0,1,2.0,5.0,11568
1004888,P00182742,F,55+,0,B,4+,0,1,2.0,14.0,7603
1003806,P00155442,M,18-25,4,A,4+,0,1,11.0,15.0,11379
1003365,P00241242,M,51-55,17,C,3,1,1,11.0,15.0,11918
1002887,P00187742,M,26-35,3,B,3,1,2,4.0,,12746
1004610,P00057642,F,26-35,4,B,1,0,1,15.0,16.0,15771
1003860,P00184242,M,46-50,17,C,0,0,9,15.0,,23392
1003368,P00259142,M,26-35,14,C,1,1,5,,,8638
1003824,P00228442,M,26-35,17,A,3,1,1,17.0,,11514
1003012,P00368142,M,26-35,12,C,1,1,2,15.0,,9970
1003643,P00015842,M,26-35,17,C,1,0,1,14.0,16.0,15477
1001599,P00236942,M,26-35,0,A,1,0,12,,,1390
1004812,P00019342,M,18-25,14,C,2,0,1,6.0,15.0,15168
1005868,P00177142,M,36-45,14,B,3,0,8,13.0,,7873
1005809,P00110742,M,26-35,7,C,4+,0,1,2.0,8.0,15698
1000745,P00365142,M,0-17,10,C,2,0,6,16.0,,4620
1002882,P00121642,M,18-25,20,A,4+,0,5,14.0,,6895
1003497,P00295942,F,36-45,2,A,2,0,2,5.0,15.0,16139
1000975,P00220442,M,36-45,0,B,2,1,5,14.0,,8789
1000591,P00247042,M,26-35,0,C,1,0,5,14.0,,3443
1004361,P00184942,M,36-45,15,C,0,1,1,8.0,17.0,19677
1002645,P00002142,M,26-35,7,A,1,0,1,5.0,8.0,15864
1000504,P00042742,M,26-35,2,C,2,0,5,14.0,,7087
1005015,P00273942,M,36-45,6,B,2,1,5,12.0,,8606
1003292,P00272242,F,51-55,6,B,3,0,8,,,7848
1003940,P00010542,M,36-45,20,B,3,1,2,4.0,5.0,9637
1003942,P00258042,M,18-25,4,B,4+,0,11,,,2993
1001889,P00166642,M,18-25,14,B,2,0,8,,,7802
1003830,P00313342,M,18-25,4,C,1,0,5,,,6946
1002807,P00165142,F,36-45,11,B,2,1,5,7.0,,8636
1000165,P00101942,M,18-25,16,A,1,0,8,17.0,,5964
1002310,P00195042,M,46-50,12,B,3,1,6,8.0,14.0,16622
1001022,P00061142,M,26-35,3,C,2,0,8,16.0,,7762
1001303,P00210042,M,26-35,19,A,4+,0,8,14.0,,4223
1003143,P00003642,F,51-55,16,C,1,1,8,,,8072
1000667,P00251542,M,26-35,18,C,2,1,11,16.0,,3020
1002496,P00115542,M,51-55,1,B,1,0,8,,,5918
1001881,P00002142,M,36-45,2,A,4+,1,1,5.0,8.0,15321
1005103,P00135142,F,36-45,16,C,1,0,13,16.0,,744
1003816,P00310842,F,26-35,3,A,1,1,6,8.0,10.0,20200
1005279,P00110042,F,26-35,14,B,2,1,5,14.0,,8893
1002887,P00339942,M,26-35,3,B,3,1,1,,,15874
1005432,P00151242,M,55+,13,C,3,1,5,8.0,16.0,5437
1003312,P00158342,F,18-25,4,A,3,0,8,,,4174
1003314,P00332242,M,26-35,7,C,2,0,1,16.0,,15497
1001778,P00039742,M,18-25,4,B,1,0,5,,,5146
1005450,P00184242,M,18-25,12,A,1,0,9,15.0,,18605
1004271,P00059442,M,36-45,7,B,2,0,6,8.0,16.0,16029
1004837,P00220042,M,26-35,5,B,2,0,5,8.0,,3721
1001055,P00271242,M,36-45,0,A,1,1,8,14.0,,4187
1003065,P00051842,F,18-25,4,A,2,0,4,8.0,,2088
1004535,P00190842,M,18-25,19,B,1,0,2,5.0,12.0,6646
1005026,P00282242,M,26-35,17,B,1,1,5,8.0,17.0,7155
1003093,P00306142,F,46-50,20,C,2,1,5,,,3662
1001339,P00010942,M,36-45,18,C,2,0,1,2.0,6.0,15300
1000509,P00150842,M,26-35,2,A,0,1,11,13.0,16.0,4460
1003925,P00297042,M,26-35,12,C,1,1,8,,,7831
1000093,P00260342,M,26-35,17,B,1,1,1,15.0,,4229
1003669,P00165842,M,26-35,14,A,2,0,14,,,15205
1004116,P00329742,M,36-45,7,A,2,0,6,16.0,,16358
1000697,P00220342,F,51-55,6,A,3,1,5,,,5327
1003801,P00157142,M,18-25,12,B,0,0,11,16.0,,2986
1003590,P00218342,F,18-25,15,A,1,0,5,,,6972
1005722,P00233342,M,26-35,20,A,2,1,1,15.0,16.0,7847
1003401,P00326742,M,36-45,7,B,1,0,11,,,1660
1004958,P00129842,M,18-25,7,B,1,0,6,8.0,15.0,12729
1002748,P00102642,M,26-35,4,B,1,0,4,8.0,9.0,2789
1001448,P00137042,F,26-35,3,A,1,0,8,16.0,,10027
1004661,P00221142,M,46-50,15,B,4+,1,1,,,15391
1000575,P00161442,M,26-35,12,B,0,1,5,14.0,,6986
1002383,P00142142,F,26-35,14,B,3,0,1,2.0,15.0,11764
1005390,P00031842,M,0-17,0,C,1,0,1,5.0,12.0,7764
1001051,P00033042,F,26-35,0,A,0,1,5,14.0,,7006
1005063,P00252442,F,0-17,10,B,3,0,8,,,6053
1003754,P00277842,M,55+,7,C,1,1,1,,,15647
1001716,P00277442,M,26-35,0,B,0,0,1,6.0,15.0,7611
1003507,P00249142,M,26-35,0,A,3,0,5,,,5451
1005474,P0009942,M,26-35,12,A,2,0,5,,,8789
1005643,P00136542,F,36-45,1,A,3,1,5,8.0,,5367
1004227,P00108542,M,26-35,19,A,0,0,5,8.0,14.0,5403
1001675,P00040742,F,26-35,6,B,1,1,1,5.0,,8028
1001088,P00244742,F,0-17,10,A,3,0,11,,,7542
1000539,P00120042,M,26-35,2,C,4+,0,1,2.0,,15185
1002776,P00296242,M,26-35,14,C,4+,0,8,,,9890
1000523,P00113342,M,51-55,7,A,1,1,1,8.0,17.0,15906
1001613,P00039242,M,18-25,20,A,1,0,1,15.0,,3849
1000765,P00116142,M,26-35,17,B,1,0,10,13.0,16.0,14379
1002306,P00190142,F,18-25,4,A,2,0,3,4.0,5.0,8262
1002592,P00328142,M,51-55,7,B,1,1,8,16.0,,7782
1002676,P00252442,M,55+,20,B,1,1,8,,,5919
1000442,P00086442,M,26-35,1,A,2,0,8,13.0,15.0,6182
1001230,P00112142,M,26-35,11,B,2,0,1,2.0,14.0,19124
1000284,P00086442,M,26-35,12,B,3,1,8,13.0,15.0,9860
1001344,P00190142,F,26-35,9,C,4+,0,3,4.0,5.0,8214
1004224,P00062842,F,46-50,1,C,1,1,1,2.0,13.0,15788
1003971,P00153742,F,18-25,4,B,0,0,8,,,8109
1000204,P00329642,M,26-35,7,B,1,1,8,14.0,,9727
1004310,P00337542,M,26-35,4,C,2,1,5,14.0,,6859
1004134,P00161842,F,46-50,12,C,2,0,10,13.0,16.0,9267
1003476,P00026042,M,51-55,0,B,2,1,8,14.0,17.0,9701
1004904,P00050642,M,51-55,15,B,1,1,15,16.0,,16861
1005744,P00296042,F,26-35,4,A,2,0,8,13.0,16.0,3986
1005312,P00233942,M,26-35,1,A,1,0,1,15.0,,15410
1002860,P00146442,M,36-45,17,A,2,0,8,,,8096
1001605,P00161942,F,18-25,0,B,1,0,5,8.0,,5410
1005283,P00255842,M,18-25,2,C,1,1,16,,,8295
1001658,P00044142,F,36-45,6,B,2,0,8,16.0,,5883
1000092,P00034742,F,18-25,4,B,1,0,5,14.0,17.0,6879
1005792,P00032842,M,26-35,17,B,1,1,8,,,7764
1004482,P00047742,F,36-45,1,A,1,0,16,,,12115
1001340,P00013742,M,26-35,7,A,2,0,5,,,3578
1000839,P00128942,M,26-35,0,A,2,0,1,11.0,,19330
1003112,P00119742,M,18-25,12,A,3,0,5,8.0,12.0,8720
1003868,P00148642,M,18-25,12,C,0,0,6,10.0,13.0,16174
1000044,P00304142,M,46-50,17,B,3,1,5,11.0,,7074
1000097,P00086042,F,36-45,3,C,3,0,8,14.0,17.0,9977
1004312,P00270842,M,26-35,18,A,0,1,5,,,6981
1002824,P00270942,M,18-25,4,C,3,0,1,2.0,15.0,19609
1003718,P00346142,M,51-55,17,C,1,0,1,15.0,,19521
1005329,P00108542,F,26-35,5,B,1,0,5,8.0,14.0,8630
1002008,P00364842,M,26-35,3,C,0,0,5,16.0,,3504
1001211,P00014842,M,18-25,4,A,1,0,1,2.0,5.0,3979
1001935,P00365142,M,0-17,10,B,1,0,6,16.0,,12017
1003077,P00195942,M,18-25,4,B,2,0,3,4.0,,13646
1003822,P00117442,M,46-50,20,C,1,0,5,14.0,,5435
1000240,P00118142,M,51-55,17,A,1,1,8,17.0,,8050
1002129,P00112642,M,26-35,5,B,1,0,1,2.0,5.0,11905
1002344,P00220342,M,26-35,12,A,1,0,5,,,3628
1005100,P00086442,M,51-55,6,B,1,1,8,13.0,15.0,9921
1002798,P00176642,M,36-45,20,B,1,0,6,8.0,,20167
1001465,P00002442,M,51-55,16,B,4+,1,8,15.0,,4165
1005831,P00269542,M,26-35,1,A,2,1,11,15.0,,4599
1002067,P00084842,M,51-55,16,B,2,0,8,16.0,,6145
1001431,P00194442,M,55+,6,C,1,1,5,,,5251
1005809,P00264042,M,26-35,7,C,4+,0,4,,,2805
1004292,P00250242,M,26-35,0,C,3,1,5,,,8810
1003272,P00346542,M,36-45,0,B,1,0,10,13.0,16.0,14734
1002581,P00141842,M,26-35,11,A,1,0,5,14.0,,7144
1004054,P00220142,M,36-45,3,B,1,0,1,15.0,,11551
1003196,P00192242,F,18-25,4,C,4+,0,3,4.0,5.0,5680
1001584,P00173942,M,26-35,19,B,4+,0,1,5.0,6.0,7659
1004658,P00062842,M,26-35,4,B,3,1,1,2.0,13.0,15465
1000156,P00085642,F,46-50,7,C,4+,1,5,14.0,,6890
1002048,P00052842,M,51-55,6,B,2,0,10,15.0,,23600
1000508,P00183642,M,26-35,12,B,0,0,4,5.0,9.0,2073
1003454,P00267442,M,18-25,0,A,1,1,1,2.0,5.0,7716
1001896,P00101342,M,55+,13,C,4+,1,6,8.0,,20066
1004009,P00129542,M,18-25,7,C,4+,0,8,14.0,,4122
1002581,P00111742,M,26-35,11,A,1,0,15,,,17248
1004387,P00156542,F,18-25,4,B,0,0,4,5.0,,753
1005107,P00120442,F,46-50,0,B,0,0,8,,,7951
1003313,P00030842,M,36-45,20,A,2,0,1,2.0,15.0,15447
1003152,P00305042,M,18-25,4,A,3,0,11,13.0,16.0,2998
1003675,P00310842,M,36-45,7,B,3,0,6,8.0,10.0,16315
1003727,P00062042,M,36-45,7,B,1,0,5,,,5401
1001185,P00196142,F,36-45,1,C,3,0,3,4.0,5.0,8074
1001204,P00250942,M,26-35,7,B,4+,0,11,16.0,,5925
1000752,P00029842,F,26-35,3,A,3,0,8,,,7896
1005178,P00113142,M,51-55,0,C,1,1,1,5.0,12.0,12114
1004647,P00043742,M,36-45,20,B,1,1,5,8.0,,5444
1004551,P00348742,M,18-25,12,B,3,1,16,,,8645
1002952,P00177542,M,26-35,4,B,1,0,1,8.0,,19296
1003224,P00265742,F,26-35,14,A,3,1,5,12.0,,6960
1002537,P00245642,M,36-45,11,B,0,0,5,11.0,12.0,5338
1004592,P00112542,M,18-25,4,A,3,0,1,11.0,15.0,4417
1002590,P00367342,M,18-25,4,A,0,0,11,,,3135
1004007,P00281542,M,36-45,12,A,1,1,5,,,5220
1001079,P00278642,M,26-35,7,A,0,0,5,,,7041
1000330,P00110942,M,55+,7,C,2,0,1,2.0,,19023
1003010,P00111042,M,26-35,12,A,0,0,15,,,17016
1005332,P00217442,M,18-25,4,C,2,0,1,2.0,11.0,11671
1001646,P00049942,M,26-35,20,B,1,1,11,15.0,,1483
1002273,P00122442,M,26-35,6,C,4+,0,1,11.0,15.0,15429
1001425,P00320742,M,0-17,10,B,1,0,1,4.0,9.0,11379
1001058,P00269542,M,26-35,1,B,2,0,11,15.0,,3113
1002895,P00221042,M,26-35,11,B,4+,0,1,17.0,,8020
1000423,P00278642,M,18-25,4,A,1,0,5,,,1850
1003842,P00224442,F,36-45,16,B,4+,0,5,,,8647
1002755,P00251742,M,36-45,7,C,3,0,14,,,18714
1001173,P00117742,F,26-35,7,A,3,0,8,,,8074
1002281,P00248742,M,46-50,11,A,4+,0,5,,,5294
1002932,P00121342,M,26-35,12,C,3,0,1,5.0,18.0,19453
1005455,P00001542,F,18-25,17,C,4+,0,1,2.0,14.0,15666
1000178,P00258742,M,55+,17,A,2,1,5,,,3724
1004315,P00250242,M,18-25,4,C,2,0,5,,,8870
1000764,P0094442,M,18-25,20,C,2,0,18,,,3138
1000010,P00295942,F,36-45,1,B,4+,1,2,5.0,15.0,16214
1003609,P00325242,F,26-35,17,C,3,0,16,,,12382
1004589,P00289342,M,26-35,17,A,0,0,5,8.0,14.0,7030
1004379,P00163842,M,26-35,4,B,3,0,8,,,6133
1002406,P00126142,F,55+,12,C,1,1,8,16.0,,10066
1000846,P00178842,M,26-35,5,C,3,1,2,4.0,9.0,6466
1005852,P00278642,F,26-35,1,A,0,1,5,,,8706
1004257,P00006342,M,51-55,16,C,2,1,5,14.0,,1734
1002410,P00220642,M,55+,7,C,1,1,8,,,8058
1002848,P00010742,M,26-35,0,C,1,1,1,8.0,17.0,15656
1003758,P00307642,F,36-45,5,C,2,1,5,6.0,,1950
1005809,P00177842,M,26-35,7,C,4+,0,8,,,9805
1003197,P00217742,F,18-25,14,A,4+,0,5,14.0,,5335
1002863,P00109242,F,26-35,2,B,1,0,6,8.0,10.0,16598
1002946,P00009342,M,36-45,16,A,0,1,1,16.0,,7849
1003029,P00141542,M,18-25,4,A,4+,0,5,,,6888
1004642,P00028842,M,26-35,0,B,4+,1,6,8.0,,20450
1003842,P00106042,F,36-45,16,B,4+,0,5,,,8858
1002761,P00324742,M,36-45,6,B,0,0,2,9.0,14.0,12958
1004887,P00256642,M,18-25,2,B,1,1,5,,,7163
1005403,P00195742,M,0-17,10,B,1,0,3,4.0,,2759
1000877,P00128942,M,26-35,0,B,1,1,1,11.0,,15743
1005337,P00206442,F,36-45,3,C,3,1,1,5.0,9.0,15864
1001962,P0097142,F,18-25,1,B,0,1,12,,,709
1003641,P00074342,M,26-35,0,B,1,0,5,,,6888
1003847,P00145442,M,26-35,7,B,1,0,8,15.0,,4117
1002625,P00124842,M,36-45,7,C,3,0,11,,,4617
1003847,P00130742,M,26-35,7,B,1,0,1,14.0,17.0,15646
1005256,P00253142,M,26-35,16,B,4+,1,1,2.0,5.0,7851
1001650,P00362642,M,26-35,19,C,1,0,8,18.0,,6155
1003669,P00302742,M,26-35,14,A,2,0,8,,,4051
1005698,P00124842,M,36-45,14,B,3,0,11,,,4434
1004033,P00002542,M,26-35,6,B,1,0,8,14.0,,8010
1003274,P00110742,M,26-35,20,C,4+,0,1,2.0,8.0,19545
1001989,P00153742,M,51-55,6,C,1,0,8,,,4250
1000710,P00001842,M,26-35,20,A,4+,0,16,,,16674
1001285,P0098442,M,36-45,4,A,0,1,7,8.0,,20561
1006021,P00044442,M,26-35,12,B,2,1,1,16.0,,15457
1001391,P00116842,M,36-45,15,C,0,1,2,5.0,8.0,9817
1005915,P00070442,M,18-25,4,C,0,0,1,15.0,,4484
1003971,P00293142,F,18-25,4,B,0,0,5,,,6885
1005493,P00365242,M,36-45,12,B,3,0,5,8.0,,8832
1000474,P00249642,M,26-35,17,B,1,0,3,5.0,,13543
1001458,P00271142,M,0-17,0,B,2,0,5,,,7143
1000624,P00274442,M,26-35,1,B,3,0,1,18.0,,15495
1004590,P00005042,F,18-25,20,A,4+,0,6,16.0,,20388
1002641,P00193542,M,26-35,6,C,1,1,1,2.0,,19519
1003992,P00187842,M,26-35,4,B,1,0,1,16.0,,15678
1003503,P00177342,M,18-25,4,B,0,0,8,,,9792
1004062,P00172842,M,26-35,7,C,1,0,3,4.0,,10680
1001841,P00054042,M,18-25,0,C,2,0,18,,,2264
1003555,P00116842,M,55+,7,C,1,0,2,5.0,8.0,13235
